{"train": [1503.0444198304956], "eval": [7095.269308567047], "test": [0.0]}