{"train": [[1.8167413396908498, 0.31304], [1.4859887742630356, 0.45038], [1.3222546120128973, 0.51218], [1.1896074098699234, 0.56644], [1.0632547409942998, 0.61534], [0.9357257245294274, 0.66304], [0.7974790416257765, 0.71362], [0.6554205992337688, 0.76532], [0.5240220136349768, 0.81374], [0.395097775094192, 0.8602], [0.301364570227273, 0.8945], [0.22854638256875756, 0.92056], [0.17426066668203954, 0.93912], [0.14159566032893176, 0.9503], [0.12191957498536161, 0.95834], [0.10585111392366574, 0.9635], [0.08971224639140775, 0.96944], [0.08339758092701874, 0.97128], [0.07672299885207697, 0.97286], [0.070744177149704, 0.9753], [0.067932577165382, 0.97644], [0.06291354817452618, 0.978], [0.06170490004576009, 0.97818], [0.052419643989666496, 0.98162], [0.05771190379499136, 0.97948], [0.05651769076582387, 0.9799], [0.04490279475868027, 0.98448], [0.054305198489684764, 0.98084], [0.04269335297849792, 0.98562], [0.046699913691536074, 0.98386], [0.04350430398945809, 0.98488], [0.04175857966899743, 0.98598], [0.0397492476620341, 0.98616], [0.038005678696990196, 0.98724], [0.04179690801553414, 0.98556], [0.03663115277100364, 0.98724], [0.03993348704958859, 0.9862], [0.03682403549674929, 0.98708], [0.033144571547916925, 0.98872], [0.030537762577556755, 0.98956], [0.03636157483237175, 0.98772], [0.03520271517587956, 0.9881], [0.03038915258911846, 0.98968], [0.029179893313575705, 0.99048], [0.030858329887611464, 0.9896], [0.03195954801002562, 0.98928], [0.027375414954008484, 0.99046], [0.02815361462153933, 0.99006], [0.02896197788886127, 0.99016], [0.0275167683489657, 0.99084]], "test": [[1.5713672592381762, 0.3948], [1.4323860292981385, 0.4586], [1.2734113548211992, 0.53], [1.2243298239009395, 0.5564], [1.167487113718774, 0.5849], [1.1751974821090698, 0.5877], [1.2031201553192867, 0.5922], [1.2767401333827122, 0.5963], [1.3669875229999517, 0.5933], [1.5202802104555118, 0.6012], [1.6892691729175058, 0.5941], [1.9010871413407053, 0.588], [2.106803036799097, 0.5894], [2.1297286103485495, 0.591], [2.2495154552398975, 0.5921], [2.4322133269279624, 0.5869], [2.4315128546611517, 0.5855], [2.654371428641544, 0.5863], [2.812969446941546, 0.5794], [2.5594256197570995, 0.5965], [2.5105405020865663, 0.596], [2.6109861568280848, 0.5987], [2.534321866217692, 0.5968], [2.743328465777598, 0.5922], [2.843200222701783, 0.5939], [2.6676461764961292, 0.5935], [2.887577381862956, 0.5808], [2.56862590722977, 0.6004], [2.8129993806219407, 0.589], [2.7975988881603167, 0.5993], [2.8330540398883213, 0.5912], [2.746145987206963, 0.5928], [2.7941599325009974, 0.5979], [2.99775551686621, 0.5906], [2.9835035352949886, 0.5813], [2.874098184002433, 0.596], [2.6529344031765203, 0.5975], [2.6703770282162225, 0.6032], [2.777785980777376, 0.6009], [2.9325808696686084, 0.5978], [2.9041663043817896, 0.6005], [2.8252172272676117, 0.5967], [2.86251156421224, 0.6052], [2.7522802451613604, 0.6043], [2.7589056226098614, 0.5975], [2.6434649115155455, 0.6064], [2.8458504957757937, 0.5976], [2.902463629746893, 0.6054], [2.903509353376498, 0.6041], [2.7797938152483312, 0.6046]]}