{"train": [[1.788426296332913, 0.3313], [1.4649987034785472, 0.4603], [1.3038544612924765, 0.52098], [1.1839848916853786, 0.5714], [1.0597368371303735, 0.61578], [0.9326683296571912, 0.66372], [0.795597666021808, 0.7149], [0.6583195341669995, 0.76472], [0.5263939267381683, 0.81392], [0.4091488328164496, 0.85704], [0.3100885423019414, 0.89134], [0.23551062117699925, 0.91702], [0.18519329145322067, 0.9359], [0.138833340050181, 0.95082], [0.11964829330739882, 0.95862], [0.10566960835991346, 0.9629], [0.0908531681509436, 0.96764], [0.0846936348712553, 0.97038], [0.07859761322803242, 0.97312], [0.07424189578628648, 0.97382], [0.06463091913342733, 0.97728], [0.06646438105858962, 0.97612], [0.060986237116027006, 0.9783], [0.055264989940135185, 0.98038], [0.05429366281587462, 0.9811], [0.05111795858926047, 0.9824], [0.04988061568578896, 0.9835], [0.046682528643797405, 0.98382], [0.04641789788402, 0.9839], [0.04601697186695869, 0.98368], [0.042338869019458845, 0.9854], [0.0378924867558374, 0.98668], [0.039326138523927724, 0.98684], [0.03968922392954357, 0.98646], [0.042752518737844976, 0.98458], [0.03538710552031327, 0.9881], [0.03494754691092867, 0.98768], [0.036319501448066574, 0.98748], [0.03361535465466561, 0.98874], [0.02972372911569467, 0.99012], [0.033264474948081234, 0.98828], [0.032336719627564334, 0.98878], [0.029789868842937228, 0.98948], [0.032002234765094145, 0.98916], [0.025921476618143403, 0.99108], [0.031040071711272283, 0.98954], [0.032329795854862856, 0.98902], [0.02184019801250803, 0.99228], [0.030467614174194937, 0.98936], [0.025564037719359615, 0.99122]], "test": [[1.564673094992425, 0.4095], [1.4143503046339485, 0.4843], [1.2745897059987306, 0.5351], [1.2389634407249985, 0.5537], [1.2165313773094468, 0.5587], [1.197439160316613, 0.5872], [1.1984930573755008, 0.5969], [1.2083803551971533, 0.6061], [1.3320185857213986, 0.5981], [1.428400705194777, 0.6002], [1.6572683939508572, 0.6003], [1.7988980116358229, 0.6026], [1.9579214544812584, 0.6011], [2.01753304035041, 0.5967], [2.180667332023572, 0.6005], [2.381599834010859, 0.5927], [2.44773910455643, 0.5854], [2.5230954467870625, 0.6059], [2.3879450817776333, 0.6083], [2.520946306028184, 0.5933], [2.6423761685183096, 0.6062], [2.608281504956021, 0.5956], [2.69915865181358, 0.6012], [2.6416511414157355, 0.601], [2.68090068382822, 0.5976], [2.6031266940627127, 0.5973], [2.7853574908463057, 0.5969], [2.705675201051554, 0.6014], [2.6959635171161334, 0.6037], [2.6391542375467387, 0.596], [2.6558402974134796, 0.6049], [2.6507165621800026, 0.5987], [2.8326804091216653, 0.603], [2.8276419859782904, 0.5979], [2.652892963142152, 0.607], [2.6596127733303483, 0.601], [2.849124695844711, 0.6073], [2.6981427403771954, 0.6019], [2.652133902167059, 0.5928], [2.833899372322544, 0.6069], [2.829841684004304, 0.6049], [2.8112473996581544, 0.6], [2.9042990023543123, 0.5997], [2.805425946120244, 0.6035], [2.9356759406958415, 0.6079], [2.761258495841057, 0.6013], [2.576960746649724, 0.6038], [2.8860510792701866, 0.602], [2.746782516218295, 0.6106], [2.682110226078398, 0.608]]}