{"train": [[1.7995313787094467, 0.32556], [1.4788009438978131, 0.45566], [1.3231864711817574, 0.51684], [1.1993702992301463, 0.5649], [1.0741547768378197, 0.61072], [0.9482657474172694, 0.66276], [0.8112930067436165, 0.70932], [0.6768700877952454, 0.75998], [0.5331778147298357, 0.81276], [0.41237383497797925, 0.85344], [0.3013021450137238, 0.89448], [0.23027530873713592, 0.92028], [0.17499621525702194, 0.9391], [0.1395333780540282, 0.95058], [0.11425099856532214, 0.96064], [0.1021857122542894, 0.96468], [0.08955549393587596, 0.969], [0.08294618019329199, 0.9713], [0.07618534124320578, 0.97376], [0.06793971543046681, 0.97608], [0.06714021780437616, 0.9761], [0.06160588638739103, 0.97884], [0.05812986180647169, 0.9803], [0.05749002391891673, 0.97996], [0.05469683101942615, 0.98056], [0.04984137142786299, 0.98298], [0.05512483124210335, 0.98082], [0.04499913111869174, 0.98472], [0.049628886684347805, 0.98274], [0.04016218129176256, 0.9864], [0.04682719710287745, 0.98448], [0.041559511730435504, 0.98614], [0.03839468873974443, 0.98678], [0.040654287755708486, 0.9856], [0.037210641793258815, 0.98732], [0.035279160992050654, 0.9881], [0.03851796402023537, 0.98678], [0.03369552268160006, 0.98854], [0.03268622665245043, 0.98854], [0.029771780906430602, 0.99014], [0.034411125243185896, 0.98792], [0.03442100143080037, 0.98852], [0.02825595097332869, 0.99022], [0.03044858850300392, 0.9894], [0.02922197215185311, 0.98998], [0.026511102397193717, 0.99072], [0.029984720955926466, 0.99014], [0.024567453553830897, 0.99192], [0.02664106628948214, 0.99092], [0.02529889960456422, 0.99134], [0.026770485282159986, 0.99094], [0.025740439579428367, 0.99098], [0.02268795146692983, 0.99238], [0.02453872229585506, 0.99168], [0.022297869006128575, 0.99252], [0.024622223788292964, 0.99176], [0.021485437221127376, 0.99236], [0.02340295666327734, 0.9921], [0.02186536243014723, 0.99322]], "test": [[1.5314266165350652, 0.4307], [1.421032109837623, 0.4806], [1.3467027374133942, 0.5164], [1.2652762509455346, 0.543], [1.1840632872976316, 0.5799], [1.1772810482675102, 0.589], [1.1594050340591722, 0.6041], [1.2117412944508206, 0.6053], [1.2929097505132103, 0.6061], [1.4476009018861564, 0.6018], [1.6006667993630572, 0.592], [1.871393806615453, 0.5974], [2.0227220263450767, 0.5945], [2.1256502145414897, 0.5839], [2.2229279985853063, 0.5918], [2.3965363297492837, 0.5987], [2.3195170604499284, 0.5999], [2.33943662294157, 0.5914], [2.437995896977224, 0.5971], [2.503283877281626, 0.5953], [2.5776816173723547, 0.5878], [2.524099927039663, 0.5965], [2.618407889536232, 0.5992], [2.5814644857576696, 0.5983], [2.5618614345599133, 0.5932], [2.662631598247844, 0.6003], [2.5412042793954255, 0.599], [2.7120972363052855, 0.5918], [2.6132371243397903, 0.5962], [2.8631292027272996, 0.5971], [2.6946202713972442, 0.604], [2.650815168004127, 0.6045], [2.7895984315568474, 0.5933], [2.6945631784997928, 0.6034], [2.7004692987271937, 0.6], [2.724883237462135, 0.608], [2.6863810909781485, 0.6078], [2.8424492732734437, 0.5869], [2.875518849700879, 0.6033], [2.848345054183037, 0.6028], [2.7295763568513713, 0.6119], [2.698025833269593, 0.6037], [2.7767188222544967, 0.6059], [2.8173581149168077, 0.6022], [2.766619606382528, 0.6126], [2.795332014181052, 0.6041], [2.764053529994503, 0.6051], [2.8964793530239423, 0.6061], [2.794076485239017, 0.6093], [2.8450826482408367, 0.6005], [2.7485376740716827, 0.6112], [2.6927246629812154, 0.6063], [2.862518301435337, 0.6059], [2.910979630081517, 0.6041], [3.054533226474835, 0.5953], [2.8041023274136196, 0.6069], [2.8081615100241013, 0.609], [2.780313004354003, 0.5999], [2.7464181663124423, 0.6057]]}