{"train": [0, 0, 0, 0, 0, 0, 0, 0, 0, 0, 0, 0, 0, 0, 0, 0, 0, 0, 0, 0], "eval": [0, 0, 0, 0, 0, 0, 0, 0, 0, 0, 0, 0, 0, 0, 0, 0, 0, 0, 0, 0], "test": [6.1332752227783205, 6.1332752227783205, 6.1332752227783205, 6.1332752227783205, 6.1332752227783205, 6.1332752227783205, 6.1332752227783205, 6.1332752227783205, 6.1332752227783205, 6.1332752227783205, 6.1332752227783205, 6.1332752227783205, 6.1332752227783205, 6.1332752227783205, 6.1332752227783205, 6.1332752227783205, 6.1332752227783205, 6.1332752227783205, 6.1332752227783205, 6.1332752227783205]}