{"train": [27.74777587229993, 1.8376059363967432, 1.1710857074083585, 0.866678095453929, 0.6198237267059798, 0.5012087510346346, 0.42923971988285897, 0.3731368418963199, 0.3377632274615468, 0.31700599908433286, 0.30526179287051575, 0.285410057196447, 0.28243347593672874, 0.2687232821733847, 0.2527013085159599, 0.2512236592264479, 0.24348207839555477, 0.24024833284991678, 0.22671890795081442, 0.22135281186428796], "eval": [20.614363079519688, 17.29291648142686, 14.537859418714216, 12.475361612732687, 9.003884121829914, 6.3184564523249245, 4.335592909843799, 3.7480942781433186, 3.2300016678574104, 3.0426349511280093, 2.920586839749572, 2.3702763162419656, 2.3410537821676765, 2.200834508026995, 2.2472061699760966, 1.8804801501423107, 1.888153251001956, 1.465244067352776, 1.4842464069629195, 1.4134191068296103], "test": [10.941787719726562, 6.319621562957764, 2.60007381439209, 2.0707790851593018, 1.1529603004455566, 0.7722681760787964, 0.5913742780685425, 0.6232384443283081, 0.6649311780929565, 0.4583902657032013, 0.5171723365783691, 0.4091721177101135, 0.5289618968963623, 0.621959388256073, 0.5765062570571899, 0.525940477848053, 0.5044959187507629, 0.5239083766937256, 0.4318397343158722, 0.4373438060283661]}