{"train": [7005.804339365525, 6350.854260807688], "eval": [7855.800275873255, 9926.256921909473], "test": [30.637653350830078, 29.22632598876953]}