{"train": [[1.7511667199147023, 0.33534], [1.3769391246921265, 0.48758], [1.2085557578469786, 0.5584], [1.089119078405678, 0.60392], [0.9795112013816833, 0.64464], [0.882451861258358, 0.68364], [0.7863386423157914, 0.71792], [0.69758700547011, 0.7501], [0.6067947645473968, 0.78446], [0.51884869928174, 0.81538], [0.4303484332492894, 0.84958], [0.3500797277235467, 0.87542], [0.2817225644693655, 0.8998], [0.22505234819277167, 0.92022], [0.1739259281926943, 0.93894], [0.14738577686469345, 0.9477], [0.12169437977316244, 0.95642], [0.11576857153192886, 0.95886], [0.09208771564564228, 0.96806], [0.08151617056667529, 0.97102], [0.07876927156181163, 0.97216], [0.06943666213668426, 0.97512], [0.06649407598724746, 0.97622], [0.0630217682999854, 0.97738], [0.05966823755958787, 0.97968], [0.05501026913727326, 0.98146], [0.05562911639758207, 0.9801], [0.0485947791831163, 0.98328], [0.04494057480014189, 0.98488], [0.051442749095637626, 0.98246], [0.04225863559502641, 0.98612], [0.04754116318224039, 0.98338], [0.039555414831545684, 0.9872], [0.04255036919509046, 0.98534], [0.042412987093442975, 0.9857], [0.03549380916522999, 0.98804], [0.03916569594520113, 0.9868], [0.03561822196952981, 0.98796], [0.035419654174637265, 0.98786], [0.03308432403235229, 0.98864], [0.03142912157580776, 0.98906], [0.03132909022254811, 0.98924], [0.03322294034348751, 0.989], [0.02862727617749068, 0.99022], [0.035210172109597045, 0.9881], [0.026112303421876537, 0.99152], [0.026844900654991517, 0.9908], [0.0290912204056063, 0.99022], [0.030081297085667952, 0.9895], [0.02230845117822627, 0.99282]], "test": [[1.4352419156177787, 0.4559], [1.2816168115397168, 0.5319], [1.1565523952435537, 0.5816], [1.0792609931557042, 0.6128], [0.9937512536717069, 0.6467], [1.0037746099150104, 0.6451], [0.9586856555027566, 0.6625], [0.9488852126583173, 0.6769], [0.9383603600180073, 0.6942], [0.9824753995913609, 0.6899], [1.0364371925402598, 0.6932], [1.0861945797683328, 0.6904], [1.1534517870587149, 0.6881], [1.25200707479647, 0.696], [1.3884543339917614, 0.6877], [1.4958419469511433, 0.6999], [1.4923472264010436, 0.6962], [1.5486421368683978, 0.6915], [1.6815245861460448, 0.696], [1.6414318988277654, 0.6999], [1.612274264074435, 0.6975], [1.7175314487165707, 0.6881], [1.7371094447032662, 0.6924], [1.7454333916591231, 0.6938], [1.7410700708437876, 0.6934], [1.7619906629726385, 0.6994], [1.8083910581412588, 0.6977], [1.7989867014490115, 0.6991], [1.7703396032570273, 0.7081], [1.81109863899316, 0.6877], [1.8643217948591633, 0.697], [1.7641095424154003, 0.6988], [1.829065012324388, 0.6991], [1.8396835539750993, 0.7018], [1.83390771735246, 0.6994], [1.8798436723696959, 0.6932], [1.8752510718479278, 0.6987], [1.9042976206275308, 0.7038], [1.8676310481539198, 0.6952], [1.8854114530952113, 0.6996], [1.9116231692824395, 0.6956], [1.935311982965773, 0.7056], [1.7565551912708648, 0.7056], [2.002329241318308, 0.6992], [1.791969722243631, 0.7017], [1.8536217212677002, 0.7019], [1.8379745069582751, 0.7054], [1.9397835788453461, 0.7051], [1.849001299803424, 0.7053], [2.0054218901950085, 0.7009]]}