{"train": [[1.7344235639133112, 0.33488], [1.349986767601174, 0.49824], [1.1568091837951289, 0.57796], [1.026657582243995, 0.62822], [0.9129385189784457, 0.67112], [0.8081963293616424, 0.7116], [0.7041495908099367, 0.74738], [0.610619466018189, 0.7819], [0.5117622277773249, 0.8179], [0.4186826643469693, 0.85178], [0.3350683574748161, 0.8808], [0.26712124161136425, 0.9045], [0.20433788203045994, 0.92792], [0.15782001593371714, 0.94438], [0.13206726118512546, 0.95332], [0.11061313142106795, 0.96194], [0.09565833403402582, 0.96672], [0.08588340303019794, 0.9697], [0.07685804138760395, 0.97374], [0.07531611768640768, 0.97342], [0.06721031549029395, 0.97646], [0.06412121780899108, 0.9778], [0.059829634201773646, 0.97924], [0.05457658896251293, 0.98102], [0.057664803778300126, 0.98056], [0.05414124752830743, 0.98098], [0.047529951682152904, 0.98354], [0.05013857982279209, 0.98266], [0.04218274321335027, 0.98498], [0.0445045366680221, 0.98416], [0.04287432366959772, 0.98484], [0.04124926247798047, 0.98616], [0.037218252066499015, 0.98762], [0.03757271744058375, 0.98766], [0.03596402588322737, 0.98818], [0.04021531553752006, 0.98622], [0.033741840902972574, 0.98836], [0.03308526213392359, 0.98892], [0.029278510318035283, 0.99022], [0.03763169333536137, 0.98778], [0.02645238349296074, 0.99092], [0.032983670656797, 0.98862], [0.02736942513539638, 0.99058], [0.027989047396693754, 0.9905], [0.028176857240940503, 0.9903], [0.027553798603590654, 0.99052], [0.028226667404742143, 0.99046], [0.02701812792989804, 0.99108], [0.02635796279984388, 0.99134], [0.02877350088353391, 0.9906]], "test": [[1.4814916628940848, 0.4423], [1.2596555337025102, 0.5391], [1.1239046207658805, 0.5932], [1.0205888543159338, 0.6311], [1.0065280081360204, 0.6462], [0.9559043543353961, 0.6654], [0.9233583796555829, 0.6808], [0.9536317150304272, 0.6862], [0.9433007130197658, 0.6911], [0.9646178189736263, 0.7056], [1.0470855346151218, 0.7001], [1.1181982964467092, 0.7054], [1.2531048936449039, 0.6999], [1.442862140524919, 0.6938], [1.3717963703119072, 0.7055], [1.5057253230149579, 0.7055], [1.5373510737328013, 0.709], [1.6133917441034014, 0.7042], [1.642761199717309, 0.7049], [1.6807183293020649, 0.6949], [1.6250005356825081, 0.703], [1.820803605067502, 0.6872], [1.7540160747850018, 0.7019], [1.6986374240012685, 0.7109], [1.7577722349743934, 0.7041], [1.62219107075102, 0.7148], [1.6778292990034553, 0.7046], [1.6859002181678822, 0.714], [1.7069713985844024, 0.712], [1.693597929872525, 0.7173], [1.7924964386186781, 0.7002], [1.781790432276999, 0.7155], [1.7333448088852463, 0.7061], [1.7424349150839884, 0.7096], [1.8004765901595923, 0.7097], [1.9807363870037589, 0.6952], [1.8440550641649087, 0.7063], [1.7737108598089522, 0.7132], [1.925504185971181, 0.7079], [1.7254334388265185, 0.7162], [1.825839540760988, 0.71], [1.7657096959223413, 0.7071], [1.909598591221366, 0.7096], [1.8282979119355511, 0.7096], [1.813166430801343, 0.7113], [1.8698332788078649, 0.7122], [1.7547888296424963, 0.7242], [1.807079689517902, 0.7205], [1.9303805717996732, 0.7072], [1.7892158213694385, 0.7096]]}