{"train": [[1.7336334104428206, 0.3404], [1.3445337413979308, 0.5058], [1.1746507002721966, 0.57118], [1.0502786076892063, 0.619], [0.9437601104416811, 0.65968], [0.8444398724666947, 0.69748], [0.7528343465931885, 0.73144], [0.6579740598912129, 0.76552], [0.5591033750863941, 0.80026], [0.47546227470688196, 0.8309], [0.39135370882766324, 0.85934], [0.3154408000504879, 0.88852], [0.24800623362631444, 0.91262], [0.20614274150079778, 0.9274], [0.16044695346670992, 0.94394], [0.1309896504454067, 0.95322], [0.11422564106328828, 0.95954], [0.10381411241910532, 0.96262], [0.086865014854528, 0.96878], [0.08126250885800956, 0.97114], [0.07619651097684021, 0.97418], [0.07213459167268622, 0.97542], [0.0674193084077395, 0.97586], [0.05896766538091023, 0.97958], [0.05933689100169422, 0.97974], [0.056102609084939935, 0.97996], [0.054177959182369936, 0.98118], [0.04624415392203785, 0.98404], [0.05272897037938285, 0.98178], [0.048259847395433486, 0.98348], [0.04756843846566264, 0.98378], [0.03724411527788186, 0.98738], [0.048493063185111526, 0.98318], [0.03718528055223872, 0.98734], [0.03650009935043509, 0.9874], [0.03756904055166732, 0.98728], [0.03884523034722799, 0.98646], [0.03811865529674284, 0.98758], [0.03283285942731995, 0.98854], [0.03230583173436615, 0.98938], [0.03166788351847707, 0.98882], [0.032990677094416304, 0.98904], [0.03586295554640672, 0.98828], [0.026709108463260155, 0.99076], [0.0332683231364495, 0.98858], [0.027322071138285563, 0.99042], [0.028711085339248613, 0.98978], [0.027427617587697576, 0.99046], [0.022815442962406063, 0.99208], [0.027719281971828057, 0.9906]], "test": [[1.483488181594071, 0.4538], [1.28242352092342, 0.5422], [1.187632693606577, 0.5708], [1.0291053235151206, 0.631], [1.0010671194191951, 0.6449], [0.9682751241003632, 0.6538], [0.938984695513537, 0.675], [0.8846095701691451, 0.6979], [0.9146675976218691, 0.6994], [1.0187612065843716, 0.6935], [0.9792577859702384, 0.6993], [1.0947665674671245, 0.7034], [1.1711316613634681, 0.6926], [1.2054975640242267, 0.6983], [1.4872576161554665, 0.6754], [1.4553486378329574, 0.6983], [1.5019381927077178, 0.6939], [1.5240865334583695, 0.6971], [1.630380838919597, 0.6844], [1.656869422478281, 0.6878], [1.6617735218090617, 0.6942], [1.6922639559029014, 0.6819], [1.6442736087331347, 0.6955], [1.9009873999911509, 0.6819], [1.7483022083902056, 0.7031], [1.698993166161191, 0.7025], [1.7003220456420995, 0.7068], [1.822319538350318, 0.7002], [1.7483011081719855, 0.7006], [1.7184398223640054, 0.7063], [1.738198170236721, 0.7061], [1.8938213081876183, 0.6984], [1.7369219801228517, 0.6983], [1.7752989234438368, 0.7052], [1.8016405325786324, 0.7036], [1.836017055875936, 0.7027], [1.7244576504276057, 0.7048], [1.738094504471797, 0.6979], [1.8242779032439942, 0.7045], [1.9114575256967241, 0.6981], [1.9861322185795778, 0.699], [1.8070063758048283, 0.6978], [1.783972658928792, 0.7087], [1.8958490251735518, 0.708], [1.7657502661844728, 0.7056], [1.90829751142271, 0.7042], [1.867032075004213, 0.7081], [1.8709262598092389, 0.709], [1.9086575234771535, 0.7058], [2.0320568616223182, 0.7033]]}