{"train": [[1.7262188716007925, 0.32834], [1.4193550764447282, 0.46556], [1.241180011912075, 0.54928], [1.1213817399785952, 0.60166], [1.0542851373210282, 0.63178], [1.0017414054907192, 0.65058], [0.9603137801522794, 0.66994], [0.902424066382296, 0.6896], [0.8688065131073412, 0.70654], [0.8199300818202441, 0.7223], [0.7728054597402167, 0.7397], [0.7409431312014075, 0.75152], [0.7015528258536478, 0.76322], [0.6601769130705567, 0.77878], [0.6137306240894606, 0.79494], [0.5750259881472344, 0.80724], [0.5395047587849905, 0.82072], [0.5001667990061023, 0.83208], [0.46748247157658457, 0.84336], [0.42285411364739506, 0.85738], [0.38622417840201534, 0.86838], [0.35573227314845374, 0.88032], [0.3232526237816762, 0.88988], [0.28726051393372326, 0.90222], [0.25874436997315464, 0.91192], [0.23171759523508495, 0.92058], [0.2057229580567278, 0.92894], [0.17955503502951178, 0.9391], [0.15728954060236588, 0.94698], [0.12695599236713764, 0.95678], [0.11022068628841235, 0.96272], [0.0971972536375446, 0.96768], [0.08149716751697614, 0.97272], [0.06203443259227059, 0.9791], [0.05215895412441538, 0.98226], [0.04894439214209328, 0.98396], [0.03322548660791486, 0.98878], [0.02601013981096019, 0.99148], [0.02206284784390862, 0.99296], [0.016831065478837837, 0.9946], [0.010916630770336963, 0.99652], [0.00783638247187756, 0.99788], [0.005445108915835618, 0.99834], [0.004165103940814307, 0.99902], [0.003952058892434678, 0.99888], [0.002776749359029631, 0.9992], [0.002975097667635999, 0.99946], [0.0016130058115824022, 0.99966], [0.0014319455262141875, 0.99972], [0.0016936830697072637, 0.9995]], "test": [[1.9580613207665218, 0.3188], [1.6689018512227733, 0.4466], [1.259526938769468, 0.5577], [1.249013598177843, 0.5767], [1.3108844202794847, 0.5541], [0.9939734476387121, 0.6616], [1.620422695852389, 0.5188], [1.4272612245978824, 0.5828], [1.2353119356617046, 0.6013], [1.1893849285544864, 0.6105], [1.2768503336390113, 0.625], [1.0397841641857366, 0.6819], [0.9337023509915467, 0.7004], [0.8794766214622813, 0.7154], [1.0696908091283908, 0.6629], [0.8565031559603988, 0.7301], [0.9743240688257157, 0.6928], [0.9730984917871511, 0.6999], [0.8463560021986627, 0.7449], [0.9027589635484538, 0.7363], [1.0544106383232554, 0.7218], [0.912491691150483, 0.7389], [0.9305391154091829, 0.765], [0.9160625761861254, 0.7519], [1.0868637652913475, 0.7299], [0.9501080674350642, 0.7688], [1.112265073379893, 0.7395], [0.9439104896062499, 0.7744], [1.0651668997327233, 0.757], [1.085631336186342, 0.7799], [1.2321414131267814, 0.768], [1.20853836236486, 0.7704], [1.1576465799170694, 0.7837], [1.2949485247302208, 0.7723], [1.3953177423993492, 0.7727], [1.429202358813802, 0.7685], [1.525752281307415, 0.7776], [1.5092306668591347, 0.7844], [1.5489663682925474, 0.7795], [1.669367347932925, 0.7828], [1.6641336785759895, 0.7869], [1.7396687842478418, 0.7907], [1.7341083200873844, 0.7903], [1.7893317512645843, 0.7899], [1.8093534829510245, 0.7915], [1.8249892789846773, 0.7937], [1.8261230808154794, 0.7936], [1.8221917053696457, 0.7938], [1.79251233293752, 0.7933], [1.8054115700114304, 0.7929]]}