{"train": [[1.7701137523212092, 0.30628], [1.4526737487834434, 0.4523], [1.270414113998413, 0.53656], [1.1374168097210662, 0.59376], [1.0525408615846463, 0.62752], [0.9991907218990423, 0.6517], [0.9564746519183869, 0.67154], [0.9036796274392501, 0.69154], [0.8787680885675923, 0.70132], [0.8341277060682512, 0.7202], [0.796315900466936, 0.73148], [0.7554191895534316, 0.74798], [0.7269981342279698, 0.75876], [0.6916827740876571, 0.77006], [0.6539068511684837, 0.78212], [0.6052766087110085, 0.80016], [0.558212913649009, 0.81374], [0.5306038273607984, 0.82458], [0.4905191895068454, 0.83456], [0.4470531785922587, 0.8508], [0.4138749742980503, 0.85998], [0.3853048961371412, 0.86916], [0.34335363628652393, 0.88352], [0.31039997453198714, 0.895], [0.28258081095869586, 0.90302], [0.2510459108368667, 0.91472], [0.2246334763372417, 0.9228], [0.19334480049722183, 0.93436], [0.1707338623350005, 0.94124], [0.14998813751189377, 0.94856], [0.12195575906230552, 0.95724], [0.10402401168937878, 0.96478], [0.08769254919255862, 0.96956], [0.07053421683224809, 0.9752], [0.06176550406039647, 0.97976], [0.048622769805158506, 0.98314], [0.03564892646909008, 0.98816], [0.026450881080510205, 0.99196], [0.022950465575886574, 0.99262], [0.019516330242295876, 0.9939], [0.01418969002239334, 0.99616], [0.010510451697768694, 0.99666], [0.006202459201187147, 0.9985], [0.004374939137632633, 0.99882], [0.00343731382910795, 0.9992], [0.0027147425772801465, 0.99934], [0.002441907713723025, 0.99948], [0.0018730608523636714, 0.99958], [0.002136680242339535, 0.9995], [0.001762810396872584, 0.99964]], "test": [[1.8295538060984033, 0.3316], [1.6243395577570436, 0.457], [1.2407289439705527, 0.5569], [1.498067983776141, 0.4983], [2.159726956847367, 0.4537], [1.387030022539151, 0.5349], [1.030142628083563, 0.6612], [1.1372517882638675, 0.6364], [1.692849002825986, 0.5121], [1.755753654962892, 0.541], [1.049920657827596, 0.6627], [0.889033158114002, 0.7153], [1.0617276551617179, 0.6748], [1.0205252037686148, 0.6707], [1.35481293869626, 0.6345], [0.8587688839739296, 0.7284], [1.1976591208178526, 0.6382], [0.7554893611343043, 0.7654], [0.8525899931503709, 0.7394], [1.023406460976145, 0.7057], [1.0519431358689715, 0.6973], [1.047144751260235, 0.7188], [0.8377957159926177, 0.7578], [1.1756260049570897, 0.6913], [0.8706677083376866, 0.7673], [0.8906091808513471, 0.7801], [0.9689512099050412, 0.7595], [1.0458070954699425, 0.7631], [1.0432149314197006, 0.7593], [1.1858232336439145, 0.7544], [1.2706940688525037, 0.7537], [1.1739300796940069, 0.7696], [1.2415546698934714, 0.7702], [1.4485020111700533, 0.766], [1.3930240645530119, 0.7639], [1.4592279292595614, 0.7765], [1.4923120241635923, 0.7788], [1.5494066146528644, 0.7787], [1.6069432197103075, 0.7795], [1.6735855200488097, 0.7781], [1.722196507985425, 0.7815], [1.7827193023292882, 0.783], [1.792441388603988, 0.7865], [1.7840308603967072, 0.7899], [1.849067347064899, 0.7887], [1.829663964213839, 0.7878], [1.8824198720561471, 0.7885], [1.8719418208310559, 0.7884], [1.8877410322997221, 0.788], [1.8627518218034391, 0.7894]]}