{"train": [[1.7593801847809112, 0.30564], [1.464948348377062, 0.44364], [1.309092580357476, 0.52222], [1.2208210424998838, 0.55842], [1.1404580875583317, 0.5948], [1.0825236118053232, 0.61878], [1.0127199318097986, 0.64664], [0.9573243942559527, 0.67216], [0.9070833545664082, 0.68874], [0.8631273497400991, 0.70758], [0.8132926977199056, 0.72768], [0.7816129581016653, 0.73702], [0.7362698252929751, 0.75476], [0.6968164647479191, 0.76806], [0.6578833461188904, 0.78112], [0.6218644157623696, 0.79406], [0.5797022603776144, 0.80664], [0.5423142329010817, 0.82104], [0.4993531176501223, 0.83138], [0.4747674260907771, 0.84116], [0.43735915287147703, 0.85318], [0.3979020324509467, 0.867], [0.3596207786189473, 0.8783], [0.33287378539667106, 0.88866], [0.3032042866577501, 0.8954], [0.2676523807160842, 0.91016], [0.23958650589122643, 0.91952], [0.2155548549064285, 0.92534], [0.18808811620983015, 0.93552], [0.15796251824397184, 0.94532], [0.13739189734715787, 0.9537], [0.11986784426295354, 0.95922], [0.1018481976614641, 0.96614], [0.08201475135977272, 0.97222], [0.06616960124492578, 0.97758], [0.0531278150305009, 0.98242], [0.04273347062674468, 0.9857], [0.032495246104234494, 0.98976], [0.02836193521134168, 0.99108], [0.02270658892300099, 0.99326], [0.016801516922256884, 0.99484], [0.01562016191138306, 0.99538], [0.008837425437033274, 0.99764], [0.0061673103507584055, 0.99836], [0.004793750363673159, 0.99888], [0.004147376946537853, 0.99908], [0.0036412824688492255, 0.9992], [0.003035817928479367, 0.99938], [0.0026482818699811415, 0.99956], [0.0028838849581039362, 0.9994]], "test": [[1.723002641823641, 0.3627], [1.4738570148018515, 0.4776], [1.6625931718546874, 0.4387], [1.192164679241788, 0.5793], [1.2751057535220103, 0.5657], [1.2004837621549131, 0.5955], [1.1791722933957531, 0.6142], [1.499964367052552, 0.5556], [1.5189128339670266, 0.522], [1.0543000857541516, 0.6595], [1.4650206231767204, 0.5183], [1.1641726474853078, 0.6582], [1.0505012497780428, 0.6578], [1.0932666575832732, 0.652], [1.2259543348269857, 0.6274], [0.9355595229537623, 0.7039], [1.2023036825429103, 0.6595], [1.0256130945910313, 0.705], [1.2116913370266083, 0.6708], [1.0054899009929341, 0.6953], [0.9215011777012212, 0.7444], [0.9938128503264895, 0.7362], [0.99604471227166, 0.7143], [0.9376865200176361, 0.7455], [1.0613010772474252, 0.7169], [1.1096590491616802, 0.7134], [0.972719765392838, 0.7506], [0.9732340437591456, 0.76], [1.0278587048980081, 0.7604], [1.0570122195277245, 0.7706], [1.1743296616396326, 0.7561], [1.0737458437111727, 0.7823], [1.1649732113264168, 0.7737], [1.2760920173423305, 0.7694], [1.3884472285106684, 0.7601], [1.3810701861882666, 0.7719], [1.424236087092928, 0.7851], [1.5484550316242656, 0.781], [1.5625055928708642, 0.7833], [1.5803846952262197, 0.7903], [1.6297488971880287, 0.7894], [1.6195180828024627, 0.791], [1.6533498327443554, 0.7932], [1.6854019470180674, 0.7919], [1.7510219390984554, 0.7934], [1.7563679102499774, 0.793], [1.8037798989350629, 0.7946], [1.747639745284038, 0.7941], [1.7716551580626494, 0.793], [1.7662188678410402, 0.7928]]}