{"train": [3012.949929838831, 2857.5329993909054, 2745.3728762756696, 2653.518358905207, 2576.4766641096635, 2514.605421288447, 2462.074271575971, 2425.1245993768625, 2393.736885899847, 2366.0660059844904, 2338.919835632498, 2311.1034320457416, 2283.5127971985125, 2258.0402941757984, 2234.1988382204013, 2211.868627909232, 2191.153380785476, 2171.710028924725, 2153.726294698363, 2136.791354878382], "eval": [3163.7080038515005, 3007.224117571657, 2857.822322756052, 2728.3557399375873, 2626.1563057899475, 2540.8543860478835, 2474.5118731124835, 2424.058468322862, 2385.514884032986, 2353.799777549776, 2324.708657566797, 2295.8515996851706, 2268.409893211993, 2243.5400801490655, 2220.6155523711986, 2198.7255620617757, 2178.387665667317, 2159.019920848987, 2141.550614805384, 2125.209047368982], "test": [104.2377700805664, 199.28846740722656, 286.4811096191406, 366.7094421386719, 441.3130187988281, 511.33477783203125, 577.6585693359375, 640.763916015625, 700.9702758789062, 758.6696166992188, 814.3490600585938, 868.2904052734375, 920.7115478515625, 971.8585205078125, 1021.95556640625, 1071.1195068359375, 1119.4464111328125, 1166.8809814453125, 1213.5762939453125, 1259.6243896484375]}