{"train": [527.6724707953895, 85.16389027539338, 56.40576054348819, 50.602387195738736, 48.3000175950798], "eval": [3621.5834070311653, 3586.429365882167, 3580.2250364444876, 3580.2034697179442, 3578.3101675068892], "test": [0.5260149240493774, 0.08289604634046555, 0.04348980635404587, 0.04143919795751572, 0.025882538408041]}