{"train": [3.4030558740391004, 4.285314203236804, 4.33792495598768, 4.340171228621234, 4.368511743500533, 4.3468681203368496, 4.304704400315206, 40.32924224885851, 5.197328145479994, 4.358902184462124, 4.3064712211146565, 4.311390392737724, 4.310058356072401, 4.344943116896178, 4.322143191363499, 4.3187382256566496, 4.344415471101197, 4.353303536946976, 4.344039318627023, 4.324212806259944, 4.332623036694421, 4.348436079307043, 4.351099858516958, 4.3558620657433105, 4.311959837630155, 4.336800990608141, 4.315773408062099, 4.321768247341976, 4.350577874460157, 4.361483137453568, 4.3547032495108535, 4.347072538001517, 4.354027524260508, 4.368326197508312, 4.316371649306658, 4.321301065955774, 4.324779826718889, 4.320224638775158, 4.3486812789227445, 4.319921427553993, 4.303740718084727, 4.297877419338743, 4.333642985905082, 4.342465441653925, 4.3243566277219205, 4.339264027367561, 4.3174242915186705, 4.364135407090537, 4.35658839396776, 4.35856830307153], "eval": [4.423121819361006, 4.595952095361799, 4.116885213404785, 4.170401477892094, 3.7089034037809325, 4.3871343625270365, 4.104278601613399, 7.900751573511284, 4.671259996780328, 4.536459669514869, 4.410834635532896, 4.400092601764011, 3.944305428045437, 4.732839954293633, 4.320666135619371, 4.124131633939148, 4.313477573124583, 4.200900035519114, 4.027854235936184, 4.364982001286272, 4.0195179288865726, 4.16656430714299, 4.3742904863682845, 4.182449598177121, 3.9419265097558953, 4.458662764453158, 3.8665739637124354, 4.01461333570246, 4.72502595781962, 3.76795933249529, 4.374491547028904, 4.489491723921289, 3.9816910778949923, 4.252067135923823, 4.461940494361227, 4.095248688325815, 4.432164819321342, 4.2826815618944245, 3.8956465999075194, 4.307136836861177, 4.261109373076372, 4.178636899198383, 4.249823277712838, 4.69059110021571, 4.277996584515058, 4.400839163785595, 4.059308919179872, 4.010158669726687, 4.525154951039403, 4.189147138126882], "test": [86.94188747925955, 93.79692484444644, 84.13124812092968, 89.75295168240204, 77.18266303889918, 91.56894086165735, 90.36015197187328, 156.3651134297656, 98.15116926130614, 92.55726872533211, 88.23450529098463, 91.92883618442316, 76.75219180888, 94.57201825409605, 91.8263670966966, 89.58238731417367, 91.96555032852261, 88.3658214852303, 84.7137606723448, 92.53709751843404, 85.56638320488435, 89.57136533731386, 96.12709996669898, 87.80211170818944, 82.38841760838466, 94.80762102193525, 85.45956010028922, 86.92599799110991, 102.16382896486257, 82.04008538440661, 89.46932648986771, 92.94252299252067, 84.27992718278091, 92.90682865714793, 94.22671986167344, 88.82930639371763, 92.50736938610297, 88.19117638184528, 83.17487260122996, 95.91331044346688, 98.82912397223096, 87.34584619156024, 90.32514743770479, 94.88288316505763, 88.68982878259749, 96.67198233819302, 89.32780424553357, 85.61289432478222, 93.81793813056468, 87.67189644409302]}