{"train": [3.5049293824629717, 4.490764235811059, 4.597191896947007, 4.5640045778682286, 4.552754421296519, 4.531084628369802, 4.54634732168847, 18.132008010727937, 4.665547468995585, 4.556578472367301, 4.509409662774448, 4.586648377292374, 4.524435476203333, 4.53720178335113, 4.597583280658036, 4.518438723558469, 4.526701537903412, 4.584281681709072, 4.549910385677195, 4.538250271087852, 4.561420929277047, 4.564317022878434, 4.551050933328748, 4.539156014315669, 4.560061654123554, 4.523128031148826, 4.518461270041316, 4.523085990657162, 4.522452328652778, 4.548910357769213, 4.556473392130126, 4.537927057588494, 4.593647287759803, 4.5010894336850935, 4.527758711182476, 4.562204097026647, 4.591988738885961, 4.513932410327403, 4.505507039832413, 4.560416240164859, 4.534516286189559, 4.572697408744044, 4.552112998000874, 4.544446243393216, 4.497289125321018, 4.575627214706436, 4.537023195407994, 4.478669634929281, 4.537384508510433, 4.508548316889377], "eval": [3.971777625685957, 4.583821778054799, 5.904999388433828, 6.159127934414983, 5.694012831940221, 5.435890199422453, 6.3659193631829964, 4.382752691536073, 4.634867758595923, 4.731422095826244, 6.041041093434638, 5.440912192233881, 5.737919492786535, 6.091982682758025, 5.693041131980064, 6.162519453697634, 6.000403540196032, 5.367342777941284, 5.633622995716146, 5.610102437416175, 5.680629580659816, 6.242192782871282, 5.879507963302525, 6.053112320145901, 5.998269627886553, 5.173863491343963, 5.887121632218189, 5.414992180874512, 6.30625234984892, 5.818457112747056, 6.164450084686637, 5.528046683644782, 5.796216511103181, 6.0210819411503005, 5.295365294139128, 5.488195078276726, 6.026129155807034, 5.627237328278969, 5.628710564465481, 5.791094219401348, 5.883645429253348, 5.8029517088337625, 6.069642497050881, 5.433070509263258, 6.1753099408657475, 5.853477782899783, 5.542451347062533, 5.502650828812719, 5.8116607471951784, 5.981226042146977], "test": [81.66264038568056, 89.79174839728446, 116.42250095338674, 122.2647811749716, 114.10768808846682, 110.61193306327624, 129.41388224076658, 87.07591240716935, 92.96211546642282, 93.14613145229688, 121.51784544954052, 110.52337796696766, 113.7148782819685, 119.73573095921655, 112.27900844985288, 122.05412623423196, 117.70412123447039, 107.9320590171564, 112.46401150400268, 113.76759846911104, 114.92433248111865, 122.36754027926912, 119.46039586384647, 118.42908578069859, 120.96457696195898, 103.04600035972939, 118.9471523783791, 107.73630424891354, 123.40685458428862, 118.98519167437489, 125.75390509635439, 110.40526182925599, 117.60728418643058, 117.95939194848835, 104.47389393682144, 108.84085004324304, 120.10886456420027, 112.88953524294693, 112.78820287411835, 113.13163992298814, 115.35421879650443, 116.36012160203065, 123.5508999029949, 110.35427783106141, 121.10782151005486, 119.07547844611916, 111.66540338793529, 108.04326033112588, 113.74131294439067, 121.06420500298756]}