{"train": [2893.284008993344, 2505.985449758443, 2260.229206132618, 2071.235290342434, 1926.588971696794], "eval": [2922.448976457119, 2536.4343701248818, 2279.3592261997137, 2081.849275326187, 1930.7518801431763], "test": [94.70073699951172, 170.0845184326172, 228.50238037109375, 273.2425537109375, 307.79046630859375]}