{"train": [[1.7578381751199512, 0.32578], [1.3736206479846973, 0.48768], [1.1977317199835082, 0.5642], [1.0806182250952172, 0.61074], [0.9797418123620856, 0.64682], [0.8786900155532086, 0.68582], [0.7854407039063666, 0.72238], [0.6976724489570578, 0.75214], [0.6075772316483281, 0.78632], [0.5312679906559112, 0.81436], [0.4502611999278483, 0.8419], [0.37808301964836655, 0.86676], [0.3104155900437966, 0.89208], [0.24925293434230264, 0.91376], [0.20996731565907942, 0.92498], [0.1743758351415815, 0.93862], [0.15452079193385512, 0.94682], [0.12310419035265627, 0.95758], [0.1063003116239653, 0.96302], [0.0988557633182839, 0.96576], [0.08989198999705693, 0.969], [0.07792597814091502, 0.9733], [0.08168253922284774, 0.97286], [0.06711815725511792, 0.97744], [0.06933541021183552, 0.97636], [0.0646709586267986, 0.97812], [0.05931976887777381, 0.98024], [0.05682389381701303, 0.98082], [0.05658439678669064, 0.9808], [0.05227338094035011, 0.9825], [0.04381430194274906, 0.98504], [0.05058632876061241, 0.98242], [0.04599538093695984, 0.98376], [0.04120717950965739, 0.98582], [0.04533189683287676, 0.98486], [0.041065727051346305, 0.98592], [0.03784753354226091, 0.98736], [0.0425550029763435, 0.9858], [0.03336657269976472, 0.9885], [0.033829684396471785, 0.98808], [0.03987179808337968, 0.9869], [0.03469442614524127, 0.98798], [0.036628600600806166, 0.98754], [0.02951590078393095, 0.9904], [0.03301641384548748, 0.989], [0.030049891664174353, 0.98978], [0.030122054493738948, 0.99044], [0.03101140791117443, 0.9895], [0.027819339156551572, 0.99076], [0.032162208643602266, 0.98844]], "test": [[1.5229232645338509, 0.4223], [1.2821350811393397, 0.5231], [1.1440650061437279, 0.5816], [1.0486254502253927, 0.6222], [1.0423061619898317, 0.6339], [0.9725859886521746, 0.6572], [0.9697893129032888, 0.6626], [0.9254638104681756, 0.6892], [0.9186666926760583, 0.7025], [0.9418406397294087, 0.7027], [1.003464322940559, 0.7038], [0.9817020915875769, 0.7104], [1.0473693789570195, 0.7112], [1.1154761610517077, 0.7109], [1.267248200383156, 0.7057], [1.285526571380105, 0.7057], [1.2741556953472697, 0.7108], [1.4064351058310005, 0.7065], [1.4608637204595432, 0.7105], [1.5976171159440544, 0.6929], [1.5008553687933903, 0.7135], [1.6147327840707864, 0.7022], [1.501708525001623, 0.7139], [1.6015358977257066, 0.7209], [1.5834755312864948, 0.712], [1.6629628702333779, 0.7187], [1.6810078620910645, 0.7094], [1.6339002073190774, 0.7123], [1.6008224927695693, 0.7192], [1.605700071829899, 0.7138], [1.808010875799094, 0.7064], [1.7301064289299546, 0.7067], [1.82565133093269, 0.7029], [1.770508818186013, 0.7232], [1.7900735906734588, 0.7093], [1.7375264509468322, 0.7102], [1.8856165834293244, 0.7086], [1.7623073845911936, 0.7144], [1.7515213554072533, 0.7142], [1.8704343878539504, 0.7199], [1.7432683991019133, 0.7128], [1.790248041319999, 0.7145], [1.678876836208781, 0.7223], [1.7888117147858735, 0.7193], [1.8655718063852589, 0.7119], [1.8166641190553168, 0.7145], [1.9271758016507337, 0.7151], [1.8929962891681937, 0.7157], [1.9048260518699696, 0.7198], [1.8392054271546139, 0.7196]]}