{"train": [[1.77553667513001, 0.32238], [1.3923527769877782, 0.48458], [1.211938246436741, 0.55612], [1.0860733500374553, 0.60656], [0.9757626339450212, 0.64734], [0.8788761019782947, 0.68692], [0.7954414242597492, 0.71574], [0.7070367732240112, 0.74784], [0.6201751671941079, 0.78146], [0.538102105621944, 0.80884], [0.46276370822773566, 0.8387], [0.3796828062752324, 0.86478], [0.31498727683559097, 0.88728], [0.25878559499788467, 0.90856], [0.2138672456183397, 0.92444], [0.1784722594368031, 0.9373], [0.14925677406237178, 0.94696], [0.13018936575259393, 0.95494], [0.1144944598250415, 0.95926], [0.10433001249797566, 0.96326], [0.09025747927627467, 0.96804], [0.08003851140925514, 0.97184], [0.07745001487025414, 0.97366], [0.07317915262953352, 0.97416], [0.06441070793060791, 0.97738], [0.0680184930832723, 0.97652], [0.0637644310279385, 0.9784], [0.056182676651890216, 0.98078], [0.05186467661130507, 0.98288], [0.053456003925956, 0.98166], [0.049831398265541095, 0.98348], [0.0456304273532663, 0.98502], [0.046690931770732615, 0.9839], [0.0452188317968553, 0.98428], [0.043352434441716416, 0.9861], [0.04247780593299388, 0.98604], [0.039015907632416864, 0.98682], [0.045627727811171165, 0.9851], [0.04115546444642936, 0.98612], [0.03620298024870025, 0.98796], [0.03591760313194936, 0.98772], [0.034880946088090115, 0.98788], [0.03516806255886986, 0.98804], [0.03103323705433219, 0.9896], [0.03304934807163735, 0.98876], [0.034940225021291973, 0.98786], [0.028355365163655423, 0.9907], [0.031140433951376882, 0.99006], [0.0269187359222913, 0.9906], [0.027266010360708467, 0.99092]], "test": [[1.536090387660227, 0.4241], [1.306562801834884, 0.5176], [1.189126865878986, 0.5709], [1.1374010428501542, 0.5977], [1.0225127119167594, 0.635], [1.0156667691886805, 0.6377], [0.9252123639082453, 0.6804], [0.9487203796198413, 0.6767], [0.8907852727136795, 0.6997], [0.939204649181123, 0.6929], [0.9442930823298776, 0.7073], [1.0049393167541285, 0.7022], [1.0836977332260957, 0.701], [1.1441567540168762, 0.7013], [1.1794576014682745, 0.7051], [1.2874129220938226, 0.6994], [1.356429730630984, 0.7097], [1.4872882077648382, 0.6958], [1.531498887356679, 0.6938], [1.518793951174256, 0.6923], [1.6034641413931634, 0.6981], [1.5717870312131894, 0.704], [1.540594017050069, 0.7067], [1.615277322614269, 0.7123], [1.6897601978794026, 0.7084], [1.608056790509801, 0.7136], [1.6481011386509914, 0.6934], [1.6573103408145298, 0.7111], [1.7001208708544446, 0.7121], [1.6492226837546962, 0.71], [1.6387861169827211, 0.7142], [1.7659022246196772, 0.716], [1.7444717553770466, 0.7189], [1.6582929753953484, 0.7138], [1.7357723978674335, 0.7014], [1.7482715966595206, 0.7057], [1.820251114049535, 0.7048], [1.7362741258493655, 0.7081], [1.660945800459309, 0.7219], [1.7088830026851338, 0.7177], [1.8638679916691627, 0.7062], [1.8464431819642426, 0.7037], [1.721540950665808, 0.7124], [1.847442266288077, 0.7107], [1.8516902654034317, 0.7084], [1.801362135228078, 0.7213], [1.9003560797424073, 0.718], [1.742915544919907, 0.715], [1.839842490329864, 0.7141], [1.9129891503768361, 0.7136]]}