{"train": [[1.7818307617436284, 0.32144], [1.3919867836605861, 0.48222], [1.22559299119903, 0.55072], [1.096648457753079, 0.60246], [0.9923239197115155, 0.63986], [0.902510917476376, 0.6774], [0.8084369263304468, 0.71136], [0.7169637306571921, 0.74524], [0.6271815283219223, 0.77882], [0.547752012491531, 0.8074], [0.47403093273072594, 0.83252], [0.39069164378563764, 0.86356], [0.32839187280372584, 0.88334], [0.26584865149024806, 0.90646], [0.22635108018127245, 0.92054], [0.18141300238125846, 0.93668], [0.1584711691717167, 0.94442], [0.12928071437055802, 0.95438], [0.11540918810474103, 0.96004], [0.10352847457606146, 0.9643], [0.09135988329911171, 0.96824], [0.08901569509969266, 0.96982], [0.08452301609801495, 0.97086], [0.07063310547604384, 0.9754], [0.06839315382146831, 0.97704], [0.06721370620414843, 0.97644], [0.06036735129634352, 0.97878], [0.06117819884331668, 0.97952], [0.05161553676075795, 0.9825], [0.06001719480345878, 0.97908], [0.051065847830837376, 0.98226], [0.04958371305998261, 0.98274], [0.05156668126967925, 0.98284], [0.04656857117967945, 0.98442], [0.048079150118073094, 0.98358], [0.042438462351770685, 0.98614], [0.04319801281602003, 0.98542], [0.04022892720757953, 0.98604], [0.03937992674161327, 0.987], [0.04230282123110083, 0.9854], [0.036578417132871195, 0.9873], [0.03513190149218844, 0.98794], [0.03463698517198584, 0.98836], [0.037510130250708276, 0.98702], [0.032819679909711165, 0.98916], [0.03312166890504149, 0.98922], [0.03180459889511758, 0.98904], [0.032642962468620994, 0.98958], [0.02994402846953188, 0.98984], [0.029704227057468568, 0.99028]], "test": [[1.5450958962653094, 0.4228], [1.2616951150499331, 0.5433], [1.1753561899160883, 0.5747], [1.0639392243828742, 0.6147], [1.0661449804427519, 0.6192], [1.0120725992378916, 0.6421], [0.95369322930172, 0.666], [0.9213793672573795, 0.6867], [0.944080043750204, 0.6857], [0.9728996844808008, 0.6797], [0.9794362988441613, 0.701], [1.055610641932032, 0.6936], [1.1573565435257687, 0.6914], [1.162465118678512, 0.6998], [1.2389165132668367, 0.696], [1.247213830234139, 0.7036], [1.4156281203980658, 0.7058], [1.4519292552759693, 0.7067], [1.5380823703328514, 0.6965], [1.5304049450880404, 0.7063], [1.5753652126925766, 0.7026], [1.52227999867907, 0.7111], [1.6272982994841922, 0.6992], [1.6073953410622421, 0.7033], [1.5755798596485404, 0.7115], [1.6218760233775826, 0.7072], [1.6902189774877707, 0.7103], [1.647715074241541, 0.7022], [1.6888633142611025, 0.7115], [1.7377358762321957, 0.7023], [1.7631548077437529, 0.7092], [1.8705806158910132, 0.6937], [1.6316468894102012, 0.7115], [1.7039913140284788, 0.692], [1.743909030583254, 0.7026], [1.6934303155370578, 0.7114], [1.7927228030125806, 0.7011], [1.8346060711866732, 0.7024], [1.792860048591711, 0.7134], [1.8127091033443523, 0.7103], [1.9776336824058727, 0.6962], [1.714332942750044, 0.7107], [1.7913557727625415, 0.7088], [1.7869515225386163, 0.7096], [1.7758628995555221, 0.7097], [1.7749333989088703, 0.7126], [1.8456204666453562, 0.7031], [1.7604680061340332, 0.7114], [1.7634222754247628, 0.7196], [1.7976374098449757, 0.713]]}