{"train": [[1.655632988571206, 0.40076], [1.2172280482166564, 0.56636], [1.0310153471082069, 0.64118], [0.9519545334531828, 0.67238], [0.887352493794068, 0.69366], [0.8568387352444632, 0.70902], [0.878399338982904, 0.70308], [0.8347473596520436, 0.71866], [0.785904289663905, 0.73768], [0.8046226158090259, 0.73546], [0.7249817001773878, 0.76136], [0.8929369674085657, 0.71308], [0.7353266077425779, 0.76494], [0.6962907376992123, 0.77866], [0.5995275205206079, 0.80738], [0.5882089653092882, 0.81634], [0.48427849371567405, 0.8466], [0.5213401641153619, 0.83948], [0.38313310665776357, 0.8792], [0.3417463247542796, 0.89136], [0.32027582475043775, 0.89998], [0.2747140260189391, 0.91428], [0.2454283600565894, 0.92554], [0.21997281387829415, 0.9327], [0.20219114522480636, 0.93914], [0.15837726524799986, 0.95102], [0.13698875543106434, 0.95914], [0.12447169659209087, 0.96058], [0.17420002248982572, 0.94908], [0.07737768397596843, 0.97668], [0.0699209427965172, 0.97924], [0.06306411884985615, 0.9813], [0.05135080869355158, 0.98498], [0.041206852134215634, 0.9877], [0.035500062184509615, 0.98978], [0.028636309583844822, 0.99154], [0.029539503321768995, 0.99142], [0.0176676862616599, 0.9949], [0.014653814186749282, 0.99582], [0.009978227992646993, 0.99698], [0.0058479038329849, 0.99826], [0.004370157407643638, 0.99876], [0.0029127827362439547, 0.99914], [0.0023057818167761496, 0.99922], [0.001427100077522785, 0.99958], [0.0011329055344253525, 0.99966], [0.0013301333885120988, 0.99972], [0.0005941793932584936, 0.99984], [0.001173887915662801, 0.99966], [0.0007204660026800325, 0.99982]], "test": [[1.4746874263332148, 0.4764], [1.0813622968212055, 0.6131], [0.9158106579142771, 0.6821], [1.0814547493199633, 0.6389], [1.0368579751367022, 0.651], [1.1775002263154193, 0.6149], [1.1873980008872451, 0.6241], [0.9674774491862886, 0.6786], [1.14532484826009, 0.6369], [1.1317230926197805, 0.6454], [1.3750512375953092, 0.6145], [1.01440730634009, 0.6704], [0.9516279513289214, 0.7075], [1.015264232447193, 0.6754], [0.9895782725066896, 0.7079], [1.0347328167052785, 0.7002], [0.9830919014420479, 0.7376], [0.9588471130960307, 0.7449], [0.9471142717227814, 0.7494], [0.9626356714470371, 0.7487], [0.990754842568355, 0.7574], [0.9985106839875507, 0.7526], [1.1107632394429225, 0.7445], [1.2477409573876934, 0.743], [1.3653651783420782, 0.7378], [1.073298452955902, 0.7702], [1.0526267963989524, 0.7587], [1.3319233834363853, 0.7634], [1.1959437464073206, 0.7676], [1.5308805362434144, 0.7555], [1.4528628090384659, 0.7619], [1.440739512063895, 0.7677], [1.5359232148547082, 0.7776], [1.6111464868685244, 0.7609], [1.475885955391416, 0.7712], [1.7824761795390183, 0.7636], [1.5204859968203648, 0.778], [1.7200262592096998, 0.7798], [1.7846724311257625, 0.7761], [1.8583450962783425, 0.7774], [1.751853508174799, 0.7825], [1.787283735670102, 0.7854], [1.8364113614817335, 0.7849], [1.9095839873241012, 0.786], [2.0475538448922954, 0.7858], [2.017702737811265, 0.7892], [1.9593558968252438, 0.7891], [2.0357337108083593, 0.7891], [2.0714032577860886, 0.7882], [2.0755030216684767, 0.7887]]}