{"train": [[1.6296717499375648, 0.41742], [1.1766488921764258, 0.5826], [1.0177484910049097, 0.64558], [0.9462230867132202, 0.6736], [0.8866272753919177, 0.69672], [0.8571759800014593, 0.70982], [0.8229600349655541, 0.72162], [0.79700051289995, 0.73496], [0.7593119897882042, 0.74846], [0.8793410595192019, 0.71616], [0.7300879658411836, 0.76342], [0.6830502562510693, 0.77748], [0.6574915293461222, 0.79036], [0.6194584803736728, 0.80234], [0.5699951111546258, 0.81904], [0.5359844468591158, 0.8344], [0.6324629893769389, 0.81214], [0.44146171223629466, 0.86204], [0.492002108708367, 0.84808], [0.3266364246930765, 0.89824], [0.2937761298130693, 0.90846], [0.26654346813888424, 0.91998], [0.2608697318741123, 0.9204], [0.19748754537714375, 0.94014], [0.1833575447709264, 0.94472], [0.1525193735221139, 0.9553], [0.15124308628142072, 0.95542], [0.11287557244743876, 0.96648], [0.11127910101858457, 0.96834], [0.08400707872813125, 0.97506], [0.07351303527031489, 0.97762], [0.05511063792964752, 0.9832], [0.04990457381078493, 0.98558], [0.04063210600843307, 0.98876], [0.033327948934778355, 0.99002], [0.02646874202864149, 0.99186], [0.019047204821571403, 0.99414], [0.018231330924381162, 0.9942], [0.009096027624535128, 0.99726], [0.008411529957348693, 0.99734], [0.006694118286479984, 0.99786], [0.005022366418205404, 0.9982], [0.0036044307537972226, 0.99894], [0.003137940984916983, 0.99908], [0.0020265751307201236, 0.99942], [0.0019368299980309658, 0.99944], [0.0019460902825132033, 0.99958], [0.0012763277683943354, 0.99952], [0.0010434591471814403, 0.99968], [0.0009890442169561621, 0.99968]], "test": [[1.4384377610151935, 0.4868], [1.0962285509534702, 0.6146], [1.059351923739075, 0.6274], [1.5135524781646243, 0.5162], [1.2914028596726193, 0.5814], [1.054800077228789, 0.6471], [1.04950916083755, 0.6801], [1.028057200893475, 0.6533], [0.943613017820249, 0.7001], [0.9900845008291257, 0.685], [1.035165271371793, 0.6835], [1.0544676784497158, 0.6673], [0.9267094028983146, 0.7093], [1.214626939053748, 0.6546], [1.4040426015853882, 0.6061], [1.203073246084201, 0.6855], [0.9751835687524953, 0.7067], [0.9877631159345056, 0.7186], [0.9955273674931496, 0.7443], [1.0174108242533009, 0.7421], [1.1083671589186237, 0.7444], [1.47302973308381, 0.6614], [0.9526719796429773, 0.7686], [1.1908859997797923, 0.7442], [1.1597494968942776, 0.7495], [2.216708858301685, 0.6688], [1.3795479467719982, 0.7398], [1.21264676531409, 0.7702], [1.6586008561644585, 0.7534], [1.3190663853648361, 0.7722], [1.3614599082120664, 0.7732], [1.623505755974229, 0.7719], [1.3809963113563075, 0.7778], [1.3842137759658182, 0.7804], [1.5681613095247062, 0.7752], [1.5560267263916647, 0.7814], [1.661746025844744, 0.7806], [1.4818206647778773, 0.7868], [1.7692309257331167, 0.7851], [1.7964900637128551, 0.7842], [1.817491863563562, 0.7831], [1.941749441016252, 0.7907], [1.8340942590099991, 0.7891], [1.864277962286761, 0.7904], [2.0395944619634347, 0.7924], [1.983884662579579, 0.7907], [1.9797082209283379, 0.7917], [2.0560037015350003, 0.7953], [2.046416430716302, 0.7932], [2.066305826424034, 0.7938]]}