{"train": [[1.6493731252372723, 0.40898], [1.236124787031842, 0.5632], [1.047953058005599, 0.63448], [0.9538143412079043, 0.6712], [0.9152761053322526, 0.6846], [0.8727955970236713, 0.70502], [0.9069060015937557, 0.69344], [0.8156055800826348, 0.72674], [0.879347847131512, 0.70942], [0.7745848804559854, 0.74596], [0.7427871667439371, 0.75692], [0.735534092006476, 0.76306], [0.8692516384984527, 0.72808], [0.6695760106072401, 0.7865], [0.5975451647396892, 0.81232], [0.5504766848043102, 0.82596], [0.49004063486595595, 0.84574], [0.45074774726005773, 0.85932], [0.389626075535098, 0.87966], [0.35879567908623333, 0.8888], [0.3157303315751693, 0.90268], [0.2786758162052659, 0.91492], [0.25998472798225064, 0.9234], [0.2249555132015968, 0.93362], [0.19336662944310995, 0.94252], [0.16572054702302683, 0.95058], [0.1501924094429616, 0.9562], [0.1282910201710451, 0.96184], [0.11086998093227768, 0.9684], [0.10111250474428535, 0.97076], [0.07638053883559635, 0.97702], [0.06728485549542257, 0.98058], [0.06018437149748682, 0.98228], [0.0418555624195566, 0.98788], [0.03657098055060264, 0.9892], [0.029884445970519827, 0.99154], [0.025688845518852945, 0.99226], [0.017962064003533385, 0.99456], [0.016820100517152776, 0.9946], [0.011418950112945594, 0.99638], [0.009587868455376354, 0.99732], [0.0073523358155241445, 0.99786], [0.005640522486654685, 0.99818], [0.004249560455036772, 0.99864], [0.004113095963452819, 0.99858], [0.0036409901039986606, 0.9989], [0.003286208896883393, 0.99888], [0.0032476186094761643, 0.99886], [0.0033119457908055735, 0.99896], [0.003263662557111153, 0.99898]], "test": [[1.4963954861756343, 0.4941], [1.2729941914036016, 0.5615], [1.3349376480290844, 0.5627], [0.9840039660216896, 0.6684], [1.4189018800759772, 0.5781], [1.1020417976531254, 0.623], [0.9968828775320843, 0.6596], [1.7840848538526304, 0.5056], [1.0897308588027954, 0.6617], [1.2111166802940854, 0.6324], [1.4798822843345107, 0.6165], [1.3003785541862438, 0.6221], [1.4664190434346533, 0.6186], [0.9836911805875742, 0.698], [0.9158392366330335, 0.7219], [1.0849230221122692, 0.6944], [1.0448708541833671, 0.7058], [1.0681241716548895, 0.7002], [1.001689728468087, 0.7383], [1.0616042213455128, 0.7377], [1.052918063986833, 0.74], [1.0682370543100272, 0.7461], [1.1354981526068062, 0.7405], [1.1972418605901634, 0.7449], [1.0781601561102898, 0.7426], [1.1198662230922918, 0.7585], [1.1928056556328086, 0.7412], [1.2135877516239313, 0.7597], [1.3070802092552185, 0.7646], [1.28483999022253, 0.7581], [1.23718611279111, 0.7656], [1.338521170008714, 0.7633], [1.361888276543587, 0.7695], [1.4606513688518743, 0.7681], [1.387627796382661, 0.7684], [1.474944867146243, 0.7682], [1.6255998402644114, 0.7688], [1.8942166407396839, 0.7714], [1.7310222432871534, 0.7803], [1.6798234016272673, 0.7806], [1.8015458754673126, 0.7778], [1.759686928266173, 0.7867], [1.858891212067027, 0.7884], [1.9426174968670888, 0.7844], [1.9348706325907616, 0.7882], [2.023408240953069, 0.7854], [2.0640340170283227, 0.7862], [1.995569093591848, 0.7885], [2.035033238921196, 0.787], [2.044069686133391, 0.7872]]}