{"train": [2.1726451484138702, 1.862267267216197, 1.7221519485154115, 1.6262107886316832, 1.5281093338566363, 1.4298769792022608, 1.3347379057608602, 1.2457304455892508, 1.167108819765203, 1.0967550186245032, 1.0317339757671746, 0.9687465170917609, 0.9078602736715771, 0.8479935831730933, 0.7884630399286899, 0.7293261784269377, 0.6703266940458351, 0.6123143904425604, 0.5557365031041148, 0.4995272583363916], "test": [1.9806880199225845, 1.781450100005812, 1.6785532501852436, 1.5900537762672278, 1.4989564828811937, 1.4207908074567273, 1.3700787686997917, 1.3150959770390942, 1.2737745802113964, 1.2437008368741176, 1.2116122428019336, 1.1987377359608935, 1.2043084976779428, 1.2163581677303192, 1.244394202520893, 1.2640809124442423, 1.3172694960976863, 1.3634010314182112, 1.34323104893326, 1.391470981251662]}