{"train": [2893.3111242001705, 2505.330930585211, 2259.6716485971756, 2070.793510813605, 1927.8855507617648], "eval": [2921.7002773420377, 2536.0453073030167, 2278.4590575044804, 2082.6589381003923, 1931.211306188594], "test": [94.68023681640625, 169.9709014892578, 228.25180053710938, 272.9253845214844, 307.3156433105469]}