{"train": [0.6177793704772399, 0.565732693872029, 0.5233269959862049, 0.5080077814746036, 0.49137588370284113, 0.4943384520316687, 0.6779247907086714, 0.644348619259694, 0.6320976608899501, 0.608303509049948, 0.6020507856233357, 0.5980905308716965, 0.5992778877187378, 0.5950160247450524, 0.593900807707147, 0.6005806104920943, 0.595881627799662, 0.5950430851219018, 0.5938387051338369, 0.5912938291193164, 0.5916533283024893, 0.5934008937604628, 0.5907335027058555, 0.596276062652423, 0.5921774314563001, 0.5923157080430939, 0.5921421783284202, 0.5937306300614345, 0.5939087946744616, 0.5890893152302551, 0.5946281503227108, 0.5903604174519097, 0.5862898046712735, 0.5892212886313589, 0.5916690073881516, 0.5947537344097337, 0.5911219087087135, 0.5905690954597613, 0.5919714011850226, 0.587839894994379, 0.5891166987875942, 0.5885007942386706, 0.5924060256312059, 0.5905092021285308, 0.5935277217490749], "test": [0.7590111511121802, 0.7622053846558025, 0.7667873685977079, 0.7425462788467891, 0.7583437052638035, 0.7607408710422994, 0.5771063467320265, 0.5441712076311437, 0.5013161929590657, 0.46795354096736136, 0.44321514825185904, 0.4398288626682234, 0.4356897994395855, 0.4343056107447363, 0.4379425586730834, 0.43082500536381807, 0.433423653273845, 0.4369026204313763, 0.43430112497317575, 0.425904818707449, 0.4334940275595156, 0.4233390324203708, 0.42375993251833166, 0.4322160894888404, 0.4272369440700242, 0.4289570115578319, 0.42275290978172525, 0.42021907324464713, 0.4225286840130227, 0.41319666447916814, 0.41378105794997677, 0.4152538547017772, 0.4104005537013921, 0.4100961173069493, 0.4143243815128286, 0.4169281291811631, 0.42100394172397904, 0.42541620924854134, 0.4251957820048326, 0.420476354617205, 0.4175931469004083, 0.417300499397821, 0.4220738772090165, 0.4257106426769303, 0.422585314577287]}