{"train": [0.7504872076205308, 0.6816691299238063, 0.5376570891558846, 0.5042270192690729, 0.47446524523079925, 0.48635891392000186, 0.5004567208961979, 0.49106091220812015, 0.4925079968977779, 0.47303736423455517, 0.49056548429740654, 0.49170807451028276, 0.5041059078088556, 0.485277937424724, 0.48625401627381015, 0.4976590765705726, 0.49820767478924344, 0.49406749998801985, 0.4784176319096776, 0.49193926417963, 0.49528144675702185, 0.4963992099677037, 0.4933258133762883, 0.4869893073011043, 0.504239012043693, 0.4885164202649283, 0.4892545982087706, 0.48588538017877003, 0.49010849271367973, 0.5050349840646148, 0.47778915187383075, 0.49130273990718754, 0.487360114832599, 0.5007125808949796, 0.47558773169171215, 0.4860189122100589, 0.49649442456911846, 0.49417897188726223, 0.4963392320120868, 0.49612749809494683, 0.48788347764290724, 0.49062301853568113, 0.49689589606817586, 0.4776811690120795, 0.49227028700034003, 0.502407874880137, 0.4880973134658886, 0.4913625985291496, 0.4832897266553783, 0.49863559657173206, 0.49157172245775765, 0.4856772232246618, 0.4903245890432959, 0.4994802275943767, 0.4895604810870418, 0.48376992528425955, 0.49120045195111567, 0.47946041541830436, 0.4871503215209212, 0.48584882674796465, 0.4826473631844934, 0.5014053398085774, 0.49998634131124214, 0.48300320783797707, 0.48105911690408143, 0.48449954273842766, 0.48547943307079744, 0.48698580876734593, 0.47697696736738, 0.49317276143583494, 0.4820641948580385, 0.4953459295428157, 0.47900887000882836, 0.4964523041832857, 0.4868525900601202, 0.49056850761475734, 0.4927827104319142, 0.4909352670466236, 0.48465946582674685, 0.4877025736606529, 0.48344244546192305, 0.48983741880772685, 0.4830308990684247, 0.48751004601467296, 0.49908485716579815, 0.4832747758296653, 0.4849134800329177, 0.47895715368095143, 0.48515492612074484, 0.5006246735414767, 0.4901718503463408, 0.49220932210812995, 0.4670083310473692, 0.48528059661661727, 0.4952831495980316, 0.4866664629519908, 0.47921154278703315, 0.48822298358247895, 0.48949717213076144, 0.49190973543115607], "test": [0.6956865773209868, 0.6195149769075745, 0.41791338192735195, 0.3944229057918831, 0.37882559744248356, 0.38308240301963004, 0.39486331228252913, 0.38111182133841015, 0.38312356534610764, 0.37874216607794364, 0.38315550682314725, 0.38128687976011144, 0.3796890889339121, 0.3775756295822105, 0.3878056428307124, 0.37926724564983105, 0.382220256279603, 0.37782129330948255, 0.37838370989288955, 0.38645524829509903, 0.37958184320328636, 0.38088007653465616, 0.39289908171512933, 0.37774707954319187, 0.3864864578748065, 0.38337964512134803, 0.3839477827041968, 0.3770338371347909, 0.37772409650630895, 0.3913434871894052, 0.3766536736399288, 0.3861819640454831, 0.39506150608587354, 0.3783381066824475, 0.3757425231452106, 0.38064518862606034, 0.3786888568035743, 0.37935736928220365, 0.39836970590244297, 0.3806808923921575, 0.3766908831037515, 0.38571307530530363, 0.3793906144558731, 0.37711275473054684, 0.38030433605785147, 0.38105021973315006, 0.3798827281869579, 0.379320668094005, 0.3836427324103098, 0.38113003688059965, 0.38002814671919255, 0.3773309325200169, 0.3773428908746446, 0.3800329451331238, 0.3761815480226116, 0.38384525940122693, 0.3762923026770117, 0.3898051965494167, 0.3776927220368959, 0.3788430293858603, 0.38043733799453144, 0.3793859910203944, 0.38106241970579036, 0.37876501125750883, 0.37538987895215836, 0.37780776580966274, 0.3757239639223778, 0.3777915422288006, 0.37727089713675394, 0.3775166632589678, 0.37474679622491636, 0.3821529818095798, 0.3722175246067614, 0.3891797739587756, 0.38644465160840724, 0.3796076314934566, 0.38413618139316813, 0.3786892716052108, 0.3823755851379306, 0.3849441194276867, 0.3795758393930343, 0.38155721501712137, 0.3753164579719907, 0.37430454344835484, 0.37642575918478516, 0.3872516222388591, 0.37671740828515454, 0.3804086137314584, 0.37684525298389665, 0.3746329934506872, 0.38189033542379947, 0.378268885136908, 0.3739229130221261, 0.37243601667465764, 0.37531669307948173, 0.37561324343356767, 0.37596581942230856, 0.37555850007794467, 0.3768556741074962, 0.37776707965277584]}